{"cameraMode":{"drawMode":0,"name":"Shaded","section":"Shading Mode"},"sceneLighting":true,"audioPlay":false,"sceneViewState":{"showFog":true,"showMaterialUpdate":false,"showSkybox":true,"showFlares":true,"showImageEffects":true,"showParticleSystems":true},"in2DMode":false,"pivot":{"x":0.6908822059631348,"y":-0.3119930028915405,"z":1.055757999420166},"rotation":{"x":-0.021210821345448495,"y":0.17267246544361115,"z":-0.00529291108250618,"w":-0.9847366809844971},"size":7.758412837982178,"orthographic":false}